,,,,,Сайт ФГДР,,https://fgdr.ru,,,,,,,,,,name - дисквалифицирован
,,,,,Телеграм ЧАТ,,https://t.me/fgdrchat,,,,,,,,,,name - предупреждение
,,,,,Телеграм Канал,,https://t.me/droneracingfederation ,,,,,,,,,,name -  женский зачет
,,,,,ВК,,Федерация гонок дронов России | ВКонтакте,,,,,,,,,,DNS - не стартовал
,,,,,Ютуб,,Федерация Гонок Дронов России - YouTube,,,,,,,,,,DSQ - дисквалифицирован
ПЕРВЕНСТВО РОССИИ 2026,,,,,,,КЛАСС 75 КОМАНДНЫЙ ЗАЧЁТ

ЮНИОРКИ,,,,,,,,,,ГРУППОВОЙ ЭТАП
№,Рейтинг региона,ФИО,Регион,Округ,Дата рождения,Возраст,"Место
Групп.",,,,,,,,,,,,,Групповой этап
1,1,Астахова Мария Романовна,Московская область,ЦФО,30.05.2014,12,2,,,Четвертьфинал,,,,,,,,,,Место,ФИО
,,Ким Алиса Евгеньевна,,,15.04.2014,12,,,,Группа 1,,,,,,,,,,1,,1
2,х,х,х,ЦФО,,126,,,,Команда,ФИО,Канал,Цвет,Кол-во кругов,Дроны,Пит-стоп,Время,Место,,,,2
,,х,,,,126,,,,1,Астахова Мария Романовна,R1,красный,11,3,3,2:33.807,1,,2,,3
3,1,Андреева Виктория Дмитриевна,Новосибирская область,СФО,18.10.2011,14,2,,,,Ким Алиса Евгеньевна,,,,,,,,,,,4
,,Андреева Ульяна Александровна,,,23.12.2014,11,,,,2,Андреева Виктория Дмитриевна,R3,синий,12,2,2,2:38.289,2,,3,,5
4,х,х,х,СФО,,126,,,,,Андреева Ульяна Александровна,,,,,,,,,,,6
,,х,,,,126,,,,3,Хромцова Ирина Константиновна,R6,зелёный,12,2,1,2:13.711,3,,4,,7
5,1,Хромцова Ирина Константиновна,Архангельская область,СЗФО,25.11.2015,10,1,,,,Краскова Алена Викторовна,,,,,,,,,,,8
,,Краскова Алена Викторовна,,,12.04.2013,13,,,,4,Калашникова Стефания Павловна,R8,жёлтый,12,3,3,2:38.207,4,,5,,9
6,х,х,х,СЗФО,,,,,,,Коновалова Алиса Владимировна
,,х
7,х,х,х,ПФО,,,,,,,,,,,,,,,,,,10
,,х,,,,,,,,Группа 2,,,,,,,,,,6,,11
8,х,х,х,ПФО
,,х
9,х,х,х,ПФО
,,х
10,х,х,х,ПФО,,126,,,,Команда,ФИО,Канал,Цвет,Кол-во кругов,Дроны,Пит-стоп,Время,Место,,,,12
,,х,,,,126,,,,1,Коваль Кристина Александровна,R1,красный,11,1,1,2:31.939,1,,7,,13
11,х,х,х,УФО,,126,,,,,Щендригина Каролина Сергеевна,,,,,,,,,,,14
,,х,,,,126,,,,2,Синицына Елена Семеновна,R3,синий,8,3,3,2:25.408,2,,8,,15
12,х,х,х,УФО,,126,,,,,Синицына Анастасия Семеновна,,,,,,,,,,,16
,,х,,,,126,,,,3,Филиппова Майя Сергеевна,R6,зелёный,11,2,2,2:34.882,3,,9,,16
13,х,х,х,УФО,,,,,,,Лой Екатерина Дмитриевна
,,х
14,х,х,х,УФО
,,х
15,1,Калашникова Стефания Павловна,Краснодарский край,ЮФО,17.06.2015,11,1,,,,,,,,,,,,,,,16
,,Коновалова Алиса Владимировна,,,11.03.2010,16,,,,4,Собакина Айсана Ивановна,R8,жёлтый,10,3,1,2:27.466,4,,10,,16
16,2,Коваль Кристина Александровна,Краснодарский край,ЮФО,16.11.2013,12,1,,,,Собакина Сайнара Ивановна,,,,,,,,,,,16
,,Щендригина Каролина Сергеевна,,,23.12.2013,12,,,,Группа 3,,,,,,,,,,11,,16
17,3,Синицына Елена Семеновна,Республика Адыгея,ЮФО,27.02.2014,12,1,,,Команда,ФИО,Канал,Цвет,Кол-во кругов,Дроны,Пит-стоп,Время,Место,,,,16
,,Синицына Анастасия Семеновна,,,31.07.2012,14,,,,1,Антоева Уйгулаана Васильевна,R1,красный,10,2,1,2:23.562,1,,12,,16
18,х,х,х,ЮФО,,,,,,,Заболоцкая Екатерина Семеновна
,,х
19,1,Филиппова Майя Сергеевна,Амурская область,ДФО,5.5.2012,14,2,,,,,,,,,,,,,,,24
,,Лой Екатерина Дмитриевна,,,25.02.2013,13,,,,2,Астахова Мария Романовна,R3,синий,9,3,3,2:13.520,2,,13,,16
20,2,Собакина Айсана Ивановна,Республика Саха (Якутия),ДФО,12.10.2010,,,,,,Ким Алиса Евгеньевна
,,Собакина Сайнара Ивановна,,,23.05.2014
21,х,х,х,СКФО,,126,,,,,,,,,,,,,,,,26
,,х,,,,126,,,,3,Андреева Виктория Дмитриевна,R6,зелёный,11,3,1,2:12.307,3,,14,,16
22,х,х,х,СКФО,,,,,,,Андреева Ульяна Александровна
,,х
23,х,х,х,Чемп.кв.,,126,,,,,,,,,,,,,,,,28
,х,х,х,,,126,,,,4,Хромцова Ирина Константиновна,R8,жёлтый,12,1,1,2:15.891,4,,15,,29
25,,Антоева Уйгулаана Васильевна,Республика Саха (Якутия),Доп.кв.,16.11.2010,15,2,,,,Краскова Алена Викторовна
,,Заболоцкая Екатерина Семеновна,,,08.04.2013,13,,,,Группа 4,,,,,,,,,,16
,,,,,,,,,,Команда,ФИО,Канал,Цвет,Кол-во кругов,Дроны,Пит-стоп,Время,Место
,,,,,,,,,,1,Калашникова Стефания Павловна,R1,красный,8,3,3,2:06.919,1
,,,,,,,,,,,Коновалова Алиса Владимировна
,,,,,,,,,,2,Коваль Кристина Александровна,R3,синий,9,3,3,2:07.007,2
,,,,,,,,,,,Щендригина Каролина Сергеевна
,,,,,,,,,,3,Синицына Елена Семеновна,R6,зелёный,8,2,1,2:32.476,3
,,,,,,,,,,,Синицына Анастасия Семеновна
,,,,,,,,,,4,Филиппова Майя Сергеевна,R8,жёлтый,10,3,1,2:13.251,4
,,,,,,,,,,,Лой Екатерина Дмитриевна
,,,,,,,,,,Полуфинал
,,,,,,,,,,Группа 1
,,,,,,,,,,Команда,ФИО,Канал,Цвет,Кол-во кругов,Дроны,Пит-стоп,Время,Место
,,,,,,,,,,1,Собакина Айсана Ивановна,R1,красный,11,3,2,2:23.528,1
,,,,,,,,,,,Собакина Сайнара Ивановна
,,,,,,,,,,2,Антоева Уйгулаана Васильевна,R3,синий,11,3,3,2:23.902,2
,,,,,,,,,,,Заболоцкая Екатерина Семеновна
,,,,,,,,,,3,Астахова Мария Романовна,R6,зелёный,8,1,2,2:08.995,3
,,,,,,,,,,,Ким Алиса Евгеньевна
,,,,,,,,,,4,Андреева Виктория Дмитриевна,R8,жёлтый,10,1,1,2:24.801,4
,,,,,,,,,,,Андреева Ульяна Александровна
,,,,,,,,,,Группа 2
,,,,,,,,,,Команда,ФИО,Канал,Цвет,Кол-во кругов,Дроны,Пит-стоп,Время,Место
,,,,,,,,,,1,Хромцова Ирина Константиновна,R1,красный,11,3,1,2:36.221,1
,,,,,,,,,,,Краскова Алена Викторовна
,,,,,,,,,,2,Калашникова Стефания Павловна,R3,синий,8,3,2,2:31.679,2
,,,,,,,,,,,Коновалова Алиса Владимировна
,,,,,,,,,,3,Коваль Кристина Александровна,R6,зелёный,11,3,1,2:36.779,3
,,,,,,,,,,,Щендригина Каролина Сергеевна
,,,,,,,,,,4,Синицына Елена Семеновна,R8,жёлтый,10,3,2,2:34.652,4
,,,,,,,,,,,Синицына Анастасия Семеновна
,,,,,,,,,,Финал
,,,,,,,,,,Группа 1
,,,,,,,,,,Команда,ФИО,Канал,Цвет,Кол-во кругов,Дроны,Пит-стоп,Время,Место
,,,,,,,,,,1,Филиппова Майя Сергеевна,R1,красный,11,3,3,2:34.327,1
,,,,,,,,,,,Лой Екатерина Дмитриевна
,,,,,,,,,,2,Собакина Айсана Ивановна,R3,синий,8,3,1,2:05.010,2
,,,,,,,,,,,Собакина Сайнара Ивановна
,,,,,,,,,,3,Антоева Уйгулаана Васильевна,R6,зелёный,12,3,1,2:03.078,3
,,,,,,,,,,,Заболоцкая Екатерина Семеновна
,,,,,,,,,,4,Астахова Мария Романовна,R8,жёлтый,9,3,3,2:38.263,4
,,,,,,,,,,,Ким Алиса Евгеньевна
111
