,,,,,,,,,,,,,,,,,,,,,,,,,,,,,,,
,,,,,,,,,,,,,,,,,,,,,,,,,,,,,,,
,,,,,,,,,,,,,,,,,,,,,,,,,,,,,,,
,,,,,,,,,,,,,,,,,,,,,,,,,,,,,,,
,,,,,,,,,,,,,,,,,,,,,,,,,,,,,,,
ПЕРВЕНСТВО РОССИИ 2026,,,,,,,,КЛАСС 75 КОМАНДНЫЙ ЗАЧЁТ,,,,,,,,,,,,,,,,,,,,,,,
,,,,,,,,,,,,,,,,,,,,,,,,,,,,,,,
,,,,,,,,,,,,,,,,,,,,,,,,,,,,,,,
ЮНИОРЫ,,,,,,,,,,,,,,,,,,,,,,,,,,,,,,,
№,Рейтинг региона,ФИО,Регион,Округ,Дата рождения,Возраст,Круги Квал.,Время Квал.,Место Квал.,Место Групп.,,Квалификация 1 группа,,,,,,,,,,,Финал,,,,,,,,
1,1,Титов Матвей Андреевич,Московская область,ЦФО,,,5,2:38.337,1,1,,,,,,,,,,,,,,,,,,,,,
,,Морозов Иван Ильич,,,,,,,,,,Место,Пилот,Канал,Цвет,Круги,Лучший круг,Время,Штраф,,,,Место,Пилот,Канал,Цвет,Круги,Время,Дроны,Питстопы,Штраф
2,2,Титов Роман Андреевич,Калужская область,ЦФО,,,6,2:55.260,2,2,,1,Титов Матвей Андреевич,R1,красный,9,"25,199",2:31.592,,,,,,Титов Матвей Андреевич,R1,красный,,,,,
,,Виноградов Максим Павлович,,,,,,,,,,,Морозов Иван Ильич,,,,,,,,,,,Морозов Иван Ильич,,,,,,,
3,3,Ильин Марк Игоревич,Новосибирская область,СФО,,,6,2:51.099,3,1,,2,Титов Роман Андреевич,R2,оранжевый,8,"18,191",3:33.647,,,,,,Титов Роман Андреевич,R2,оранжевый,,,,,
,,Комаров Роман Олегович,,,,,,,,,,,Виноградов Максим Павлович,,,,,,,,,,,Виноградов Максим Павлович,,,,,,,
4,1,Морозов Егор Ильич,Томская область,СФО,,,6,3:31.931,4,2,,3,Ильин Марк Игоревич,R7,жёлтый,12,"23,451",3:12.094,,,,,,Ильин Марк Игоревич,R7,жёлтый,,,,,
,,Тарасов Арсений Павлович,,,,,,,,,,,Комаров Роман Олегович,,,,,,,,,,,Комаров Роман Олегович,,,,,,,
5,2,Степанов Роман Сергеевич,Архангельская область,СЗФО,,,5,2:48.480,5,1,,4,Морозов Егор Ильич,R8,зелёный,10,"24,297",2:50.873,,,,,,Морозов Егор Ильич,R8,зелёный,,,,,
,,Фёдоров Егор Сергеевич,,,,,,,,,,,Тарасов Арсений Павлович,,,,,,,,,,,Тарасов Арсений Павлович,,,,,,,
6,3,Тарасов Савелий Игоревич,Самарская область,ПФО,,,4,2:51.398,6,2,,5,Степанов Роман Сергеевич,L1,голубой,9,"22,552",3:37.092,,,,,,,L1,голубой,,,,,
,,Виноградов Марк Олегович,,,,,,,,,,,Фёдоров Егор Сергеевич,,,,,,,,,,,,,,,,,,
7,1,Фёдоров Матвей Олегович,Свердловская область,УФО,,,5,3:35.941,7,1,,6,Тарасов Савелий Игоревич,L4,синий,12,"20,383",3:16.920,,,,,,,L4,синий,,,,,
,,Семенов Максим Олегович,,,,,,,,,,,Виноградов Марк Олегович,,,,,,,,,,,,,,,,,,
8,2,Баранов Роман Сергеевич,Краснодарский край,ЮФО,,,3,3:13.523,8,2,,,,F2,пурпурный,,,"0,00",,,,,,,F2,пурпурный,,,,,
,,Соколов Тимофей Павлович,,,,,,,,,,,,,,,,,,,,,,,,,,,,,
9,3,Степанов Кирилл Сергеевич,Республика Саха (Якутия),ДФО,,,3,3:35.504,9,1,,,,F4,фиолетовый,,,"0,00",,,,,,,F4,фиолетовый,,,,,
,,Комаров Савелий Ильич,,,,,,,,,,,,,,,,,,,,,,,,,,,,,
10,1,Виноградов Иван Андреевич,Кабардино-Балкарская Республика,СКФО,,,5,3:31.454,10,2,,,,,,,,,,,,,,,,,,,,,
,,Комаров Савелий Павлович,,,,,,,,,,Квалификация 2 группа,,,,,,,,,,,,,,,,,,,
11,2,Зайцев Фёдор Павлович,Московская область,ЦФО,,,3,3:19.793,11,1,,,,,,,,,,,,,,,,,,,,,
,,Алексеев Лев Андреевич,,,,,,,,,,Место,Пилот,Канал,Цвет,Круги,Лучший круг,Время,Штраф,,,,,,,,,,,,
12,3,Беляев Арсений Олегович,Калужская область,ЦФО,,,6,2:46.445,12,2,,,Фёдоров Матвей Олегович,R1,красный,,,"0,00",,,,,,,,,,,,,
,,Гусев Арсений Игоревич,,,,,,,,,,,Семенов Максим Олегович,,,,,,,,,,,,,,,,,,
13,1,Кузьмин Даниил Андреевич,Новосибирская область,СФО,,,3,3:10.162,13,1,,,Баранов Роман Сергеевич,R2,оранжевый,,,"0,00",,,,,,,,,,,,,
,,Павлов Кирилл Олегович,,,,,,,,,,,Соколов Тимофей Павлович,,,,,,,,,,,,,,,,,,
14,2,Михайлов Никита Ильич,Томская область,СФО,,,3,3:33.620,14,2,,,Степанов Кирилл Сергеевич,R7,жёлтый,,,"0,00",,,,,,,,,,,,,
,,Белов Марк Олегович,,,,,,,,,,,Комаров Савелий Ильич,,,,,,,,,,,,,,,,,,
15,3,Соколов Роман Андреевич,Архангельская область,СЗФО,,,4,3:22.777,15,1,,,Виноградов Иван Андреевич,R8,зелёный,,,"0,00",,,,,,,,,,,,,
,,Ильин Артём Игоревич,,,,,,,,,,,Комаров Савелий Павлович,,,,,,,,,,,,,,,,,,
16,1,Ильин Егор Сергеевич,Самарская область,ПФО,,,4,3:04.372,16,2,,,Зайцев Фёдор Павлович,L1,голубой,,,"0,00",,,,,,,,,,,,,
,,Белов Лев Игоревич,,,,,,,,,,,Алексеев Лев Андреевич,,,,,,,,,,,,,,,,,,
17,2,Алексеев Арсений Сергеевич,Свердловская область,УФО,,,6,2:37.130,17,1,,,Беляев Арсений Олегович,L4,синий,,,"0,00",,,,,,,,,,,,,
,,Андреев Даниил Ильич,,,,,,,,,,,Гусев Арсений Игоревич,,,,,,,,,,,,,,,,,,
18,3,Киселёв Марк Павлович,Краснодарский край,ЮФО,,,5,3:31.072,18,2,,,,F2,пурпурный,,,"0,00",,,,,,,,,,,,,
,,Кузьмин Арсений Игоревич,,,,,,,,,,,,,,,,,,,,,,,,,,,,,
,,,,,,,,,,,,,,F4,фиолетовый,,,"0,00",,,,,,,,,,,,,
,,,,,,,,,,,,,,,,,,,,,,,,,,,,,,,
,,,,,,,,,,,,,,,,,,,,,,,,,,,,,,,
,,,,,,,,,,,,Квалификация 3 группа,,,,,,,,,,,,,,,,,,,
,,,,,,,,,,,,,,,,,,,,,,,,,,,,,,,
,,,,,,,,,,,,Место,Пилот,Канал,Цвет,Круги,Лучший круг,Время,Штраф,,,,,,,,,,,,
,,,,,,,,,,,,,Кузьмин Даниил Андреевич,R1,красный,,,"0,00",,,,,,,,,,,,,
,,,,,,,,,,,,,Павлов Кирилл Олегович,,,,,,,,,,,,,,,,,,
,,,,,,,,,,,,,Михайлов Никита Ильич,R2,оранжевый,,,"0,00",,,,,,,,,,,,,
,,,,,,,,,,,,,Белов Марк Олегович,,,,,,,,,,,,,,,,,,
,,,,,,,,,,,,,Соколов Роман Андреевич,R7,жёлтый,,,"0,00",,,,,,,,,,,,,
,,,,,,,,,,,,,Ильин Артём Игоревич,,,,,,,,,,,,,,,,,,
,,,,,,,,,,,,,Ильин Егор Сергеевич,R8,зелёный,,,"0,00",,,,,,,,,,,,,
,,,,,,,,,,,,,Белов Лев Игоревич,,,,,,,,,,,,,,,,,,
,,,,,,,,,,,,,Алексеев Арсений Сергеевич,L1,голубой,,,"0,00",,,,,,,,,,,,,
,,,,,,,,,,,,,Андреев Даниил Ильич,,,,,,,,,,,,,,,,,,
,,,,,,,,,,,,,Киселёв Марк Павлович,L4,синий,,,"0,00",,,,,,,,,,,,,
,,,,,,,,,,,,,Кузьмин Арсений Игоревич,,,,,,,,,,,,,,,,,,
,,,,,,,,,,,,,,F2,пурпурный,,,"0,00",,,,,,,,,,,,,
,,,,,,,,,,,,,,,,,,,,,,,,,,,,,,,
,,,,,,,,,,,,,,F4,фиолетовый,,,"0,00",,,,,,,,,,,,,
