,,,,,,,,,,,,,,,,,,,,,,,,,,,,,,,,,
,,,,,,,,,,,,,,,,,,,,,,,,,,,,,,,,,
,,,,,,,,,,,,,,,,,,,,,,,,,,,,,,,,,
,,,,,,,,,,,,,,,,,,,,,,,,,,,,,,,,,
,,,,,,,,,,,,,,,,,,,,,,,,,,,,,,,,,
ПЕРВЕНСТВО РОССИИ 2026,,,,,,,,КЛАСС 75 ЛИЧНЫЙ ЗАЧЁТ,,,,,,,,,,,,,,,,,,,,,,,,,
,,,,,,,,,,,,,,,,,,,,,,,,,,,,,,,,,
,,,,,,,,,,,,,,,,,,,,,,,,,,,,,,,,,
ЮНИОРКИ,,,,,,,,,,,,,,,,,,,,,,,,,,,,,,,,,
№,Рейтинг региона,ФИО,Регион,Округ,Дата рождения,Возраст,Время Квал.,Место Квал.,Место Групп.,,,КВАЛИФИКАЦИЯ,,,,,,,,,,,,Финал,,,,,,,,,
1,1,Богданова Алиса Олеговна,Московская область,ЦФО,,,0:45.124,11,1,,,,,,,,,,,,,,,,,,,,,,,,
2,2,Комарова Арина Андреевна,Калужская область,ЦФО,,,0:52.971,10,2,,,Группа,Пилот,Канал,Цвет,Лучший круг,,,,,,,,Группа 1,,,,,,,,,
3,3,Соколова Анна Ильинична,Новосибирская область,СФО,,,0:44.673,7,1,,,,,,,,,,,,,,,,,,,,,,,,
4,4,Лебедева Вера Игоревна,Томская область,СФО,,,0:48.736,13,1,,,Группа 1,Богданова Алиса Олеговна,R1,красный,"25,380",,,,,,,,Место,Ранг,Пилот,Канал,Цвет,1,2,3,штраф,Сумма
5,1,Егорова Милана Ильинична,Архангельская область,СЗФО,,,0:42.254,9,1,,,,Комарова Арина Андреевна,R2,оранжевый,"22,414",,,,,,,,1,20,Богданова Алиса Олеговна,R1,красный,1,5,3,,9
6,2,Фёдорова Софья Ильинична,Самарская область,ПФО,,,0:54.993,8,2,,,,Соколова Анна Ильинична,R7,жёлтый,"20,384",,,,,,,,2,19,Комарова Арина Андреевна,R2,оранжевый,6,8,6,,20
7,3,Волкова Ксения Павловна,Свердловская область,УФО,,,0:50.948,5,1,,,,Лебедева Вера Игоревна,R8,зелёный,"23,137",,,,,,,,3,24,Соколова Анна Ильинична,R7,жёлтый,6,1,6,,13
8,4,Белова Полина Павловна,Краснодарский край,ЮФО,,,0:48.368,3,1,,,,Егорова Милана Ильинична,L1,голубой,"18,536",,,,,,,,4,12,Лебедева Вера Игоревна,R8,зелёный,7,1,1,,9
9,1,Орлова Алиса Олеговна,Республика Саха (Якутия),ДФО,,,0:58.792,2,2,,,,Фёдорова Софья Ильинична,L4,синий,"25,885",,,,,,,,5,8,Егорова Милана Ильинична,L1,голубой,3,6,6,,15
10,2,Богданова Мария Олеговна,Кабардино-Балкарская Республика,СКФО,,,0:49.662,6,2,,,,Волкова Ксения Павловна,F2,пурпурный,"22,026",,,,,,,,6,14,Фёдорова Софья Ильинична,L4,синий,3,1,6,,10
11,3,Богданова Софья Сергеевна,Московская область,ЦФО,,,0:45.235,14,2,,,,,F4,фиолетовый,,,,,,,,,,,,F2,пурпурный,,,,,0
12,4,Орлова Милана Ильинична,Калужская область,ЦФО,,,0:52.990,12,2,,,Группа 2,Белова Полина Павловна,R1,красный,,,,,,,,,,,,F4,фиолетовый,,,,,0
13,1,Павлова Алиса Ильинична,Новосибирская область,СФО,,,0:58.069,4,2,,,,Орлова Алиса Олеговна,R2,оранжевый,,,,,,,,,,,,,,,,,,
14,2,Павлова Мария Ильинична,Томская область,СФО,,,0:51.871,1,1,,,,Богданова Мария Олеговна,R7,жёлтый,,,,,,,,,,,,,,,,,,
15,х,х,х,ЦФО,,,,,,,,,Богданова Софья Сергеевна,R8,зелёный,,,,,,,,,,,,,,,,,,
,,,,,,,,,,,,,Орлова Милана Ильинична,L1,голубой,,,,,,,,,,,,,,,,,,
,,,,,,,,,,,,,Павлова Алиса Ильинична,L4,синий,,,,,,,,,,,,,,,,,,
,,,,,,,,,,,,,Павлова Мария Ильинична,F2,пурпурный,,,,,,,,,,,,,,,,,,
,,,,,,,,,,,,,,F4,фиолетовый,,,,,,,,,,,,,,,,,,
