,,,,,,,,,,,,,,,,,,,,,,,,,,,,,,,,,,,,,,,,,,,,,
,,,,,,,,,,,,,,,,,,,,,,,,,,,,,,,,,,,,,,,,,,,,,
,,,,,,,,,,,,,,,,,,,,,,,,,,,,,,,,,,,,,,,,,,,,,
,,,,,,,,,,,,,,,,,,,,,,,,,,,,,,,,,,,,,,,,,,,,,
,,,,,,,,,,,,,,,,,,,,,,,,,,,,,,,,,,,,,,,,,,,,,
ПЕРВЕНСТВО РОССИИ 2026,,,,,,,,КЛАСС 75 ЛИЧНЫЙ ЗАЧЁТ,,,,,,,,,,,,,,,,,,,,,,,,,,,,,,,,,,,,,
,,,,,,,,,,,,,,,,,,,,,,,,,,,,,,,,,,,,,,,,,,,,,
,,,,,,,,,,,,,,,,,,,,,,,,,,,,,,,,,,,,,,,,,,,,,
ЮНИОРЫ,,,,,,,,,,,,,,,,,,,,,,,,,,,,,,,,,,,,,,,,,,,,,
№,Рейтинг региона,ФИО,Регион,Округ,Дата рождения,Возраст,Время Квал.,Место Квал.,Место Групп.,,,КВАЛИФИКАЦИЯ,,,,,,,,,,,,Полуфинал,,,,,,,,,,,,,,,,,,,,,
1,1,Беляев Марк Павлович,Московская область,ЦФО,,,0:41.912,18,2,,,,,,,,,,,,,,,,,,,,,,,,,,,Финал,,,,,,,,,
2,2,Белов Егор Олегович,Калужская область,ЦФО,,,0:58.350,16,2,,,Группа,Пилот,Канал,Цвет,Лучший круг,,,,,,,,Группа 1,,,,,,,,,,,,,,,,,,,,,
3,3,Волков Тимофей Сергеевич,Новосибирская область,СФО,,,0:48.353,28,2,,,,,,,,,,,,,,,,,,,,,,,,,,,Группа 1,,,,,,,,,
4,4,Орлов Никита Ильич,Томская область,СФО,,,0:45.816,21,1,,,Группа 1,Беляев Марк Павлович,R1,красный,"19,142",,,,,,,,Место,Ранг,Пилот,Канал,Цвет,1,2,3,штраф,Сумма,,,,,,,,,,,,
5,1,Егоров Матвей Павлович,Архангельская область,СЗФО,,,0:42.764,25,1,,,,Белов Егор Олегович,R2,оранжевый,"23,874",,,,,,,,1,25,Беляев Марк Павлович,R1,красный,8,6,5,,19,,,Место,Ранг,Пилот,Канал,Цвет,1,2,3,штраф,Сумма
6,2,Виноградов Матвей Олегович,Самарская область,ПФО,,,0:51.320,14,2,,,,Волков Тимофей Сергеевич,R7,жёлтый,"18,302",,,,,,,,2,26,Белов Егор Олегович,R2,оранжевый,5,5,8,,18,,,,,,R1,красный,,,,,0
7,3,Алексеев Глеб Игоревич,Свердловская область,УФО,,,0:58.681,19,1,,,,Орлов Никита Ильич,R8,зелёный,"22,976",,,,,,,,3,29,Волков Тимофей Сергеевич,R7,жёлтый,1,5,7,,13,,,,,,R2,оранжевый,,,,,0
8,4,Виноградов Глеб Олегович,Краснодарский край,ЮФО,,,0:47.635,24,2,,,,Егоров Матвей Павлович,L1,голубой,"23,444",,,,,,,,4,6,Орлов Никита Ильич,R8,зелёный,1,1,5,,7,,,,,,R7,жёлтый,,,,,0
9,1,Алексеев Глеб Ильич,Республика Саха (Якутия),ДФО,,,0:55.334,5,1,,,,Виноградов Матвей Олегович,L4,синий,"22,331",,,,,,,,5,19,Егоров Матвей Павлович,L1,голубой,5,4,4,,13,,,,,,R8,зелёный,,,,,0
10,2,Кудрявцев Марк Павлович,Кабардино-Балкарская Республика,СКФО,,,0:53.297,1,1,,,,Алексеев Глеб Игоревич,F2,пурпурный,"24,357",,,,,,,,6,20,Виноградов Матвей Олегович,L4,синий,5,7,1,,13,,,,,,L1,голубой,,,,,0
11,3,Кудрявцев Тимофей Ильич,Московская область,ЦФО,,,0:49.787,13,1,,,,,F4,фиолетовый,,,,,,,,,7,10,Алексеев Глеб Игоревич,F2,пурпурный,6,4,8,,18,,,,,,L4,синий,,,,,0
12,4,Андреев Кирилл Ильич,Калужская область,ЦФО,,,0:52.414,9,1,,,Группа 2,Виноградов Глеб Олегович,R1,красный,"25,517",,,,,,,,8,27,Виноградов Глеб Олегович,F4,фиолетовый,2,1,2,,5,,,,,,F2,пурпурный,,,,,0
13,1,Павлов Максим Андреевич,Новосибирская область,СФО,,,0:53.915,12,2,,,,Алексеев Глеб Ильич,R2,оранжевый,"25,882",,,,,,,,Группа 2,,,,,,,,,,,,,,,F4,фиолетовый,,,,,0
14,2,Тарасов Кирилл Павлович,Томская область,СФО,,,0:57.638,6,2,,,,Кудрявцев Марк Павлович,R7,жёлтый,"18,425",,,,,,,,,,,,,,,,,,,,,,,,,,,,,
15,3,Фёдоров Артём Андреевич,Архангельская область,СЗФО,,,0:40.838,8,2,,,,Кудрявцев Тимофей Ильич,R8,зелёный,"21,877",,,,,,,,Место,Ранг,Пилот,Канал,Цвет,1,2,3,штраф,Сумма,,,,,,,,,,,,
16,4,Фёдоров Иван Сергеевич,Самарская область,ПФО,,,0:42.733,7,1,,,,Андреев Кирилл Ильич,L1,голубой,"18,928",,,,,,,,,,Алексеев Глеб Ильич,R1,красный,,,,,0,,,,,,,,,,,,
17,1,Кузьмин Матвей Ильич,Свердловская область,УФО,,,0:44.605,20,2,,,,Павлов Максим Андреевич,L4,синий,"23,953",,,,,,,,,,Кудрявцев Марк Павлович,R2,оранжевый,,,,,0,,,,,,,,,,,,
18,2,Морозов Лев Андреевич,Краснодарский край,ЮФО,,,0:41.278,4,2,,,,Тарасов Кирилл Павлович,F2,пурпурный,"19,647",,,,,,,,,,Кудрявцев Тимофей Ильич,R7,жёлтый,,,,,0,,,,,,,,,,,,
19,3,Орлов Артём Олегович,Республика Саха (Якутия),ДФО,,,0:45.342,2,2,,,,,F4,фиолетовый,,,,,,,,,,,Андреев Кирилл Ильич,R8,зелёный,,,,,0,,,,,,,,,,,,
20,4,Богданов Марк Павлович,Кабардино-Балкарская Республика,СКФО,,,0:48.272,23,1,,,Группа 3,Фёдоров Артём Андреевич,R1,красный,"19,342",,,,,,,,,,Павлов Максим Андреевич,L1,голубой,,,,,0,,,,,,,,,,,,
21,1,Орлов Максим Сергеевич,Московская область,ЦФО,,,0:44.149,11,1,,,,Фёдоров Иван Сергеевич,R2,оранжевый,"18,474",,,,,,,,,,Тарасов Кирилл Павлович,L4,синий,,,,,0,,,,,,,,,,,,
22,2,Виноградов Максим Игоревич,Калужская область,ЦФО,,,0:49.489,3,1,,,,Кузьмин Матвей Ильич,R7,жёлтый,"18,125",,,,,,,,,,Фёдоров Артём Андреевич,F2,пурпурный,,,,,0,,,,,,,,,,,,
23,3,Киселёв Лев Ильич,Новосибирская область,СФО,,,0:40.128,27,1,,,,Морозов Лев Андреевич,R8,зелёный,"20,091",,,,,,,,,,Фёдоров Иван Сергеевич,F4,фиолетовый,,,,,0,,,,,,,,,,,,
24,4,Куликов Иван Андреевич,Томская область,СФО,,,0:57.365,15,1,,,,Орлов Артём Олегович,L1,голубой,"19,562",,,,,,,,,,,,,,,,,,,,,,,,,,,,,
25,1,Зайцев Егор Павлович,Архангельская область,СЗФО,,,0:53.577,26,2,,,,Богданов Марк Павлович,L4,синий,"22,190",,,,,,,,,,,,,,,,,,,,,,,,,,,,,
26,2,Кузьмин Максим Олегович,Самарская область,ПФО,,,0:41.969,22,2,,,,Орлов Максим Сергеевич,F2,пурпурный,"24,556",,,,,,,,,,,,,,,,,,,,,,,,,,,,,
27,3,Кудрявцев Савелий Ильич,Свердловская область,УФО,,,0:44.048,17,1,,,,,F4,фиолетовый,,,,,,,,,,,,,,,,,,,,,,,,,,,,,,
28,4,Орлов Максим Олегович,Краснодарский край,ЮФО,,,0:54.395,10,2,,,Группа 4,Виноградов Максим Игоревич,R1,красный,,,,,,,,,,,,,,,,,,,,,,,,,,,,,,
29,х,х,х,ЦФО,,,,,,,,,Киселёв Лев Ильич,R2,оранжевый,,,,,,,,,,,,,,,,,,,,,,,,,,,,,,
,,,,,,,,,,,,,Куликов Иван Андреевич,R7,жёлтый,,,,,,,,,,,,,,,,,,,,,,,,,,,,,,
,,,,,,,,,,,,,Зайцев Егор Павлович,R8,зелёный,,,,,,,,,,,,,,,,,,,,,,,,,,,,,,
,,,,,,,,,,,,,Кузьмин Максим Олегович,L1,голубой,,,,,,,,,,,,,,,,,,,,,,,,,,,,,,
,,,,,,,,,,,,,Кудрявцев Савелий Ильич,L4,синий,,,,,,,,,,,,,,,,,,,,,,,,,,,,,,
,,,,,,,,,,,,,Орлов Максим Олегович,F2,пурпурный,,,,,,,,,,,,,,,,,,,,,,,,,,,,,,
,,,,,,,,,,,,,,F4,фиолетовый,,,,,,,,,,,,,,,,,,,,,,,,,,,,,,
