,,,,,Сайт ФГДР,,,,,https://fgdr.ru,,,,,,,,,,name - дисквалифицирован
,,,,,Телеграм ЧАТ,,,,,https://t.me/fgdrchat,,,,,,,,,,name - предупреждение
,,,,,Телеграм Канал,,,,,https://t.me/droneracingfederation ,,,,,,,,,,name -  женский зачет
,,,,,ВК,,,,,Федерация гонок дронов России | ВКонтакте,,,,,,,,,,DNS - не стартовал
,,,,,Ютуб,,,,,Федерация Гонок Дронов России - YouTube,,,,,,,,,,DSQ - дисквалифицирован
ПЕРВЕНСТВО РОССИИ 2026,,,,,,,,,,КЛАСС 75 КОМАНДНЫЙ ЗАЧЁТ

ЮНИОРЫ,,,,,,,,,,,,,ГРУППОВОЙ ЭТАП,,,,,,,,,,,ФИНАЛ
№,Рейтинг региона,ФИО,Регион,Округ,Дата рождения,Возраст,Круги Квал.,Время Квал.,"Место
Квал.","Место
Групп.",,,,,,,,,,,,,,ЮНИОРЫ
1,1,Осипов Иван Артемович,Брянская область,ЦФО,25.10.2012,13,4,1:02.078,16,,,,Квалификация
,,Солодов Максим Максимович,,,08.04.2014,12,,,,,,,Группа 1,,,,,,,,,,,Место,Пилот,Канал,Цвет,Круги,Время,Дроны,Питстопы
2,2,Черемных Мирон Андреевич,Московская область,ЦФО,25.3.2016,10,3,1:01.534,14,,,,Место,ФИО,Канал,Цвет,Кол-во кругов,Время,Пит-стоп,Время,Место,,,1,Попов Сахамир Фёдорович,R1,красный,12,2:03.009,2,1
,,Журавлев Кирил Евгеньевич,,,19.09.2012,14,,,,,,,1,Осипов Иван Артемович,R1,красный,11,2:20.869,2,2:20.270,1,,,,Кузьмин Эрэл Евгеньевич
3,3,Иващенко Никита Андреевич,Белгородская область,ЦФО,05.03.2013,13,3,1:04.818,19,,,,,Солодов Максим Максимович,,,,,,,,,,2,Бичекуев Мухаммат Русланович,R3,синий,8,2:00.246,2,1
,,Синица Константин Олегович,,,5.8.2012,14,,,,,,,2,Черемных Мирон Андреевич,R3,синий,11,2:14.498,3,2:01.041,2,,,,Худжурат Арсен Нартович
4,4,Соловьёв Фёдор Самсонович,Московская область,ЦФО,10.6.2011,15,5,1:03.857,18,,,,,Журавлев Кирил Евгеньевич
,,Каминский Георгий Кириллович,,,31.03.2014,12,,,,,,,3,Иващенко Никита Андреевич,R6,зелёный,9,2:21.668,1,2:28.917,3
5,1,Калинин Алексей Сергеевич,Кемеровская область - Кузбасс,СФО,8.5.2009,17,5,0:59.122,13,,,,,Синица Константин Олегович,,,,,,,,,,3,Гринкевич Кирилл Алексеевич,R6,зелёный,9,2:36.963,3,3
,,Жернов Иван Андреевич,,,12.4.2010,16,,,,,,,4,Соловьёв Фёдор Самсонович,R8,жёлтый,9,2:09.429,2,2:17.167,4,,,,Попеляев Михаил Дмитриевич
6,2,Албычев Андрей Сергеевич,Томская область,СФО,21.12.2009,16,4,0:50.490,7,2,,,,Каминский Георгий Кириллович,,,,,,,,,,4,Осипов Иван Артемович,R8,жёлтый,10,2:34.198,3,3
,,Прохоров Артемий Максимович,,,16.11.2012,13,,,,,,,,,,,,,,,,,,,Солодов Максим Максимович
7,3,Ширшов Арсений Иванович,Новосибирская область,СФО,10.02.2013,13,5,0:46.205,2,1
,,Карпыза Вячеслав Ильич,,,05.08.2009,17
8,1,Хромцов Ростислав Константинович,Архангельская область,СЗФО,1.5.2011,15,5,0:58.192,11,
,,Радюкевич Кирилл Алексеевич,,,03.09.2015,11,,,,,,,Группа 2
9,2,Прончаков Георгий Артёмович,Ленинградская область,СЗФО,20.09.2011,15,3,1:02.055,15,,,,Место,ФИО,Канал,Цвет,Кол-во кругов,Время,Пит-стоп,Время,Место
,,Саламатов Марк Александрович,,,22.12.2013,12,,,,,,,1,Калинин Алексей Сергеевич,R1,красный,8,2:30.915,3,2:36.618,1
10,х,х,х,СЗФО,,,,,,,,,,Жернов Иван Андреевич
,х,х,х,,,,,,,,,,2,Албычев Андрей Сергеевич,R3,синий,12,2:27.236,3,2:01.009,2
11,1,Шатохин Николай Владимирович,Самарская область,ПФО,07.07.2014,12,4,0:49.958,5,2,,,,Прохоров Артемий Максимович
,,Воронин Арсений Дмитриевич,,,10.11.2017,8,,,,,,,3,Ширшов Арсений Иванович,R6,зелёный,11,2:24.042,3,2:35.928,3
12,2,Светлов Дмитрий Александрович,Самарская область,ПФО,15.6.2012,14,3,0:45.869,1,1,,,,Карпыза Вячеслав Ильич
,,Топоров Константин Денисович,,,2.8.2011,15,,,,,,,4,Хромцов Ростислав Константинович,R8,жёлтый,8,2:05.438,1,2:04.329,4
13,1,Золкин Михаил Иванович,Свердловская область,УФО,3.11.2008,17,4,0:50.122,6,2,,,,Радюкевич Кирилл Алексеевич
,,Калашников Егор Игоревич,,,3.5.2009,17
14,2,Пономарёв Пётр Павлович,ЯНАО,УФО,11.01.2010,16,4,1:02.175,17,
,,Прохоров Александр Андреевич,,,01.09.2009,17,,,,,,,Группа 3
15,1,Лидзер Артем Олегович,Краснодарский край,ЮФО,13.10.2011,14,5,0:53.969,8,2,,,Место,ФИО,Канал,Цвет,Кол-во кругов,Время,Пит-стоп,Время,Место
,,Швыдков Игорь Дмитриевич,,,11.08.2009,17,,,,,,,1,Прончаков Георгий Артёмович,R1,красный,8,2:00.380,2,2:37.830,1
16,2,Веренев Матвей Сергеевич,Республика Адыгея,ЮФО,01.11.2010,15,5,0:48.786,4,1,,,,Саламатов Марк Александрович
,,Пешко Иван Иванович,,,10.11.2011,14,,,,,,,2,Шатохин Николай Владимирович,R3,синий,8,2:05.346,1,2:26.996,2
17,1,Веревкин Максим Алексеевич,Амурская область,ДФО,28.04.2009,17,4,0:55.538,9,,,,,Воронин Арсений Дмитриевич
,,Эсонов Азамат Музаффаржонович,,,02.11.2012,13,,,,,,,3,Светлов Дмитрий Александрович,R6,зелёный,9,2:18.254,3,2:16.904,3
18,2,Попов Сахамир Фёдорович,Республика Саха (Якутия),ДФО,01.05.2011,15,3,0:58.372,12,,,,,Топоров Константин Денисович
,,Кузьмин Эрэл Евгеньевич,,,04.02.2011,15,,,,,,,4,Золкин Михаил Иванович,R8,жёлтый,11,2:30.974,2,2:16.657,4
19,1,Бичекуев Мухаммат Русланович,Кабардино-Балкарская Республика,СКФО,24.07.2011,15,4,0:48.376,3,1,,,,Калашников Егор Игоревич
,,Худжурат Арсен Нартович,,,10.10.2010,15
20,х,х,х,СКФО
,х,х,х
21,х,х,х,Чемп.кв.,,126
,х,х,х,,,126
22,,Гринкевич Кирилл Алексеевич,Красноярский край,Доп.кв.,20.10.2010,15,3,0:58.130,10,
,,Попеляев Михаил Дмитриевич,,,16.12.2009,16,,,,,,,Группа 4
,,,,,,,,,,,,,Место,ФИО,Канал,Цвет,Кол-во кругов,Время,Пит-стоп,Время,Место
,,,,,,,,,,,,,1,Пономарёв Пётр Павлович,R1,красный,8,2:09.205,3,2:38.975,1
,,,,,,,,,,,#REF!,,,Прохоров Александр Андреевич
,,,,,,,,,,,#REF!,,2,Лидзер Артем Олегович,R3,синий,8,2:37.021,2,2:04.887,2
,,,,,,,,,,,#REF!,,,Швыдков Игорь Дмитриевич
,,,,,,,,,,,#REF!,,3,Веренев Матвей Сергеевич,R6,зелёный,9,2:24.105,1,2:03.123,3
,,,,,,,,,,,,,,Пешко Иван Иванович
111,,,,,,,,,,,,,4,Веревкин Максим Алексеевич,R8,жёлтый,9,2:25.862,2,2:19.225,4
,,,,,,,,,,,,,,Эсонов Азамат Музаффаржонович
