,,,,,Сайт ФГДР,,,https://fgdr.ru,,,,,,,,,,,,name - дисквалифицирован
,,,,,Телеграм ЧАТ,,,https://t.me/fgdrchat,,,,,,,,,,,,name - предупреждение
,,,,,Телеграм Канал,,,https://t.me/droneracingfederation ,,,,,,,,,,,,name -  женский зачет
,,,,,ВК,,,Федерация гонок дронов России | ВКонтакте,,,,,,,,,,,,DNS - не стартовал
,,,,,Ютуб,,,Федерация Гонок Дронов России - YouTube,,,,,,,,,,,,DSQ - дисквалифицирован
ПЕРВЕНСТВО РОССИИ 2026,,,,,,,,КЛАСС 75 ЛИЧНЫЙ ЗАЧЁТ

ЮНИОРЫ
№,Рейтинг региона,ФИО,Регион,Округ,Дата рождения,Возраст,"Время
Квал.","Место
Квал.","Место
Групп.",,,Полуфинал,,,,,,,,,,,,Финал
1,1,Сакун Владимир Юрьевич,Калужская область,ЦФО,09.08.2013,13,0:40.001,1,1
2,2,Черемных Мирон Андреевич,Московская область,ЦФО,25.3.2016,10,1:03.019,29,,,,Группа 1,,,,,,,,,,,,Группа 1
3,3,Осипов Иван Артемович,Брянская область,ЦФО,25.10.2012,13,0:47.231,6,2
4,4,Берсенев Вадим Олегович,Белгородская область,ЦФО,14.03.2014,12,0:45.264,4,1,,,Место,Ранг,Пилот,Канал,Цвет,1,2,3,Доп.,Сумма,,,Место,Ранг,Пилот,Канал,Цвет,1,2,3,Доп.,Сумма
5,5,Журавлев Кирил Евгеньевич,Московская область,ЦФО,19.09.2012,14,0:58.234,22,,,,1,5,Сакун Владимир Юрьевич,R1,красный,2,4,2,,8,,,1,26,Попеляев Михаил Дмитриевич,R1,красный,1,4,2,,7
6,6,Иващенко Никита Андреевич,Белгородская область,ЦФО,05.03.2013,13,0:53.318,12,,,,2,29,Черемных Мирон Андреевич,R3,синий,2,2,2,,6,,,2,16,Калинин Алексей Сергеевич,R3,синий,3,3,3,,9
7,1,Албычев Андрей Сергеевич,Томская область,СФО,21.12.2009,16,0:48.233,7,2,,,3,2,Осипов Иван Артемович,R6,зелёный,3,3,4,,10,,,3,22,Гринкевич Кирилл Алексеевич,R6,зелёный,3,4,2,,9
8,2,Карпыза Вячеслав Ильич,Новосибирская область,СФО,05.08.2009,17,0:58.801,23,,,,4,13,Берсенев Вадим Олегович,R8,жёлтый,2,3,3,,8,,,4,10,Радюкевич Кирилл Алексеевич,R8,жёлтый,2,3,2,,7
9,3,Попеляев Михаил Дмитриевич,Красноярский край,СФО,16.12.2009,16,0:58.877,24,,,,Группа 2,,,,,,,,,,,,,,8
10,4,Калинин Алексей Сергеевич,Кемеровская область - Кузбасс,СФО,8.5.2009,17,0:53.571,13,,,,,,,,,,,,,,,,,,9,,,,,1
11,5,Гринкевич Кирилл Алексеевич,Красноярский край,СФО,20.10.2010,15,0:57.113,18,,,,Место,Ранг,Пилот,Канал,Цвет,1,2,3,Доп.,Сумма,,,,,12
12,1,Радюкевич Кирилл Алексеевич,Архангельская область,СЗФО,03.09.2015,11,0:55.898,15,,,,1,11,Журавлев Кирил Евгеньевич,R1,красный,1,4,1,,6,,,,,12
13,2,Саламатов Марк Александрович,Ленинградская область,СЗФО,22.12.2013,12,1:00.419,26,,,,2,16,Иващенко Никита Андреевич,R3,синий,2,3,4,,9,,,,,12
14,3,Хромцов Ростислав Константинович,Архангельская область,СЗФО,01.05.2011,15,0:46.050,5,2,,,3,11,Албычев Андрей Сергеевич,R6,зелёный,1,2,2,,5,,,,,13
15,4,Легостаев Алексей Евгеньевич,Архангельская область,СЗФО,10.03.2015,11,0:49.356,9,,,,4,19,Карпыза Вячеслав Ильич,R8,жёлтый,2,2,3,,7,,,,,14
16,1,Шитиков Артем Вячеславович,Оренбургская область,ПФО,27.01.2015,11,0:57.698,21,,,,,,,,,,,,,,,,,,15
17,2,Шатохин Николай Владимирович,Самарская область,ПФО,07.07.2014,12,0:57.451,20,,,,,,,,,,,,,,,,,,16
18,3,Светлов Дмитрий Александрович,Самарская область,ПФО,15.06.2012,14,0:41.347,2,1,,,,,,,,,,,,,,,,,16
19,1,Засорин Савелий Романович,Свердловская область,УФО,07.07.2012,14,0:57.098,17,,,,,,,,,,,,,,,,,,16
20,2,Прохоров Александр Андреевич,ЯНАО,УФО,01.09.2009,17,0:51.697,10,,,,,,,,,,,,,,,,,,16
21,3,Гайсин Дамир Русланович,Челябинская область,УФО,22.04.2009,17,1:03.060,30,,,,,,,,,,,,,,,,,,16
22,1,Веренев Матвей Сергеевич,Республика Адыгея,ЮФО,01.11.2010,15,1:00.185,25,,,,,,,,,,,,,,,,,,16
23,2,Лидзер Артем Олегович,Краснодарский край,ЮФО,13.10.2011,14,0:43.071,3,1,,,,,,,,,,,,,,,,,16
24,3,Лобанов Николай Алексеевич,Краснодарский край,ЮФО,20.12.2011,14,0:52.826,11,,,,,,,,,,,,,,,,,,16
25,1,Васильев Эдгар Станиславович,Республика Саха (Якутия),ДФО,21.12.2011,14,1:03.079,31,,,,,,,,,,,,,,,,,,24
26,2,Прокопьев Айвар Евсеевич,Республика Саха (Якутия),ДФО,21.07.2011,15,0:57.213,19,,,,,,,,,,,,,,,,,,16
27,3,Лотто Михаил Алексеевич,Сахалинская область,ДФО,03.03.2012,14,0:56.094,16,,,,,,,,,,,,,,,,,,26
28,1,Худжурат Арсен Нартович,Кабардино-Балкарская Республика,СКФО,10.10.2010,15,0:54.436,14,,,,,,,,,,,,,,,,,,16
29,2,Лобжанидзе Георгий Давидович,Кабардино-Балкарская Республика,СКФО,21.10.2013,12,1:02.800,28,,,,,,,,,,,,,,,,,,28
30,3,Бичекуев Мухаммат Русланович,Кабардино-Балкарская Республика,СКФО,24.07.2011,15,1:02.708,27,,,,,,,,,,,,,,,,,,29
31,х,х,х,Чемп.кв.,,126
32,,Воронин Арсений Дмитриевич,Самарская область,Доп.кв.,10.11.2017,8,0:49.306,8,2

111
